method,sec,rep_lane,rep_dev,pd_true,pf_true,pd_hat,pf_hat,pd_var,pf_var,pd_ci_low,pd_ci_high,pf_ci_low,pf_ci_high
rule,0,1,21,0.94,0.015,0.9,0.05,0.0,0.0,0.9,0.9,0.05,0.05
rule,1,1,21,0.94,0.015,0.9,0.05,0.0,0.0,0.9,0.9,0.05,0.05
rule,2,1,21,0.94,0.015,0.9,0.05,0.0,0.0,0.9,0.9,0.05,0.05
rule,3,1,21,0.94,0.015,0.9,0.05,0.0,0.0,0.9,0.9,0.05,0.05
rule,4,1,21,0.94,0.015,0.9,0.05,0.0,0.0,0.9,0.9,0.05,0.05
rule,5,1,21,0.94,0.015,0.9,0.05,0.0,0.0,0.9,0.9,0.05,0.05
rule,6,1,21,0.94,0.015,0.9,0.05,0.0,0.0,0.9,0.9,0.05,0.05
rule,7,1,21,0.94,0.015,0.9,0.05,0.0,0.0,0.9,0.9,0.05,0.05
rule,8,1,21,0.94,0.015,0.9,0.05,0.0,0.0,0.9,0.9,0.05,0.05
rule,9,1,21,0.94,0.015,0.9,0.05,0.0,0.0,0.9,0.9,0.05,0.05
rule,10,1,21,0.94,0.015,0.9,0.05,0.0,0.0,0.9,0.9,0.05,0.05
rule,11,1,21,0.94,0.015,0.9,0.05,0.0,0.0,0.9,0.9,0.05,0.05
rule,12,1,21,0.94,0.015,0.9,0.05,0.0,0.0,0.9,0.9,0.05,0.05
rule,13,1,21,0.94,0.015,0.9,0.05,0.0,0.0,0.9,0.9,0.05,0.05
rule,14,1,21,0.94,0.015,0.9,0.05,0.0,0.0,0.9,0.9,0.05,0.05
rule,15,1,21,0.94,0.015,0.9,0.05,0.0,0.0,0.9,0.9,0.05,0.05
rule,16,1,21,0.94,0.015,0.9,0.05,0.0,0.0,0.9,0.9,0.05,0.05
rule,17,1,21,0.94,0.015,0.9,0.05,0.0,0.0,0.9,0.9,0.05,0.05
rule,18,1,21,0.94,0.015,0.9,0.05,0.0,0.0,0.9,0.9,0.05,0.05
rule,19,1,21,0.94,0.015,0.9,0.05,0.0,0.0,0.9,0.9,0.05,0.05
rule,20,1,21,0.94,0.015,0.9,0.05,0.0,0.0,0.9,0.9,0.05,0.05
rule,21,1,21,0.94,0.015,0.9,0.05,0.0,0.0,0.9,0.9,0.05,0.05
rule,22,1,21,0.94,0.015,0.9,0.05,0.0,0.0,0.9,0.9,0.05,0.05
rule,23,1,21,0.94,0.015,0.9,0.05,0.0,0.0,0.9,0.9,0.05,0.05
rule,24,1,21,0.94,0.015,0.9,0.05,0.0,0.0,0.9,0.9,0.05,0.05
rule,25,1,21,0.94,0.015,0.9,0.05,0.0,0.0,0.9,0.9,0.05,0.05
rule,26,1,21,0.94,0.015,0.9,0.05,0.0,0.0,0.9,0.9,0.05,0.05
rule,27,1,21,0.94,0.015,0.9,0.05,0.0,0.0,0.9,0.9,0.05,0.05
rule,28,1,21,0.94,0.015,0.9,0.05,0.0,0.0,0.9,0.9,0.05,0.05
rule,29,1,21,0.94,0.015,0.9,0.05,0.0,0.0,0.9,0.9,0.05,0.05
rule,30,1,21,0.94,0.015,0.9,0.05,0.0,0.0,0.9,0.9,0.05,0.05
rule,31,1,21,0.94,0.015,0.9,0.05,0.0,0.0,0.9,0.9,0.05,0.05
rule,32,1,21,0.94,0.015,0.9,0.05,0.0,0.0,0.9,0.9,0.05,0.05
rule,33,1,21,0.94,0.015,0.9,0.05,0.0,0.0,0.9,0.9,0.05,0.05
rule,34,1,21,0.94,0.015,0.9,0.05,0.0,0.0,0.9,0.9,0.05,0.05
rule,35,1,21,0.94,0.015,0.9,0.05,0.0,0.0,0.9,0.9,0.05,0.05
rule,36,1,21,0.94,0.015,0.9,0.05,0.0,0.0,0.9,0.9,0.05,0.05
rule,37,1,21,0.94,0.015,0.9,0.05,0.0,0.0,0.9,0.9,0.05,0.05
rule,38,1,21,0.94,0.015,0.9,0.05,0.0,0.0,0.9,0.9,0.05,0.05
rule,39,1,21,0.94,0.015,0.9,0.05,0.0,0.0,0.9,0.9,0.05,0.05
rule,40,1,21,0.94,0.015,0.9,0.05,0.0,0.0,0.9,0.9,0.05,0.05
rule,41,1,21,0.94,0.015,0.9,0.05,0.0,0.0,0.9,0.9,0.05,0.05
rule,42,1,21,0.94,0.015,0.9,0.05,0.0,0.0,0.9,0.9,0.05,0.05
rule,43,1,21,0.94,0.015,0.9,0.05,0.0,0.0,0.9,0.9,0.05,0.05
rule,44,1,21,0.94,0.015,0.9,0.05,0.0,0.0,0.9,0.9,0.05,0.05
rule,45,1,21,0.94,0.015,0.9,0.05,0.0,0.0,0.9,0.9,0.05,0.05
rule,46,1,21,0.94,0.015,0.9,0.05,0.0,0.0,0.9,0.9,0.05,0.05
rule,47,1,21,0.94,0.015,0.9,0.05,0.0,0.0,0.9,0.9,0.05,0.05
rule,48,1,21,0.94,0.015,0.9,0.05,0.0,0.0,0.9,0.9,0.05,0.05
rule,49,1,21,0.94,0.015,0.9,0.05,0.0,0.0,0.9,0.9,0.05,0.05
rule,50,1,21,0.94,0.015,0.9,0.05,0.0,0.0,0.9,0.9,0.05,0.05
rule,51,1,21,0.94,0.015,0.9,0.05,0.0,0.0,0.9,0.9,0.05,0.05
rule,52,1,21,0.94,0.015,0.9,0.05,0.0,0.0,0.9,0.9,0.05,0.05
rule,53,1,21,0.94,0.015,0.9,0.05,0.0,0.0,0.9,0.9,0.05,0.05
rule,54,1,21,0.94,0.015,0.9,0.05,0.0,0.0,0.9,0.9,0.05,0.05
rule,55,1,21,0.94,0.015,0.9,0.05,0.0,0.0,0.9,0.9,0.05,0.05
rule,56,1,21,0.94,0.015,0.9,0.05,0.0,0.0,0.9,0.9,0.05,0.05
rule,57,1,21,0.94,0.015,0.9,0.05,0.0,0.0,0.9,0.9,0.05,0.05
rule,58,1,21,0.94,0.015,0.9,0.05,0.0,0.0,0.9,0.9,0.05,0.05
rule,59,1,21,0.94,0.015,0.9,0.05,0.0,0.0,0.9,0.9,0.05,0.05
rule,60,1,21,0.94,0.015,0.9,0.05,0.0,0.0,0.9,0.9,0.05,0.05
rule,61,1,21,0.94,0.015,0.9,0.05,0.0,0.0,0.9,0.9,0.05,0.05
rule,62,1,21,0.94,0.015,0.9,0.05,0.0,0.0,0.9,0.9,0.05,0.05
rule,63,1,21,0.94,0.015,0.9,0.05,0.0,0.0,0.9,0.9,0.05,0.05
rule,64,1,21,0.94,0.015,0.9,0.05,0.0,0.0,0.9,0.9,0.05,0.05
rule,65,1,21,0.94,0.015,0.9,0.05,0.0,0.0,0.9,0.9,0.05,0.05
rule,66,1,21,0.94,0.015,0.9,0.05,0.0,0.0,0.9,0.9,0.05,0.05
rule,67,1,21,0.94,0.015,0.9,0.05,0.0,0.0,0.9,0.9,0.05,0.05
rule,68,1,21,0.94,0.015,0.9,0.05,0.0,0.0,0.9,0.9,0.05,0.05
rule,69,1,21,0.94,0.015,0.9,0.05,0.0,0.0,0.9,0.9,0.05,0.05
rule,70,1,21,0.94,0.015,0.9,0.05,0.0,0.0,0.9,0.9,0.05,0.05
rule,71,1,21,0.94,0.015,0.9,0.05,0.0,0.0,0.9,0.9,0.05,0.05
rule,72,1,21,0.94,0.015,0.9,0.05,0.0,0.0,0.9,0.9,0.05,0.05
rule,73,1,21,0.94,0.015,0.9,0.05,0.0,0.0,0.9,0.9,0.05,0.05
rule,74,1,21,0.94,0.015,0.9,0.05,0.0,0.0,0.9,0.9,0.05,0.05
rule,75,1,21,0.94,0.015,0.9,0.05,0.0,0.0,0.9,0.9,0.05,0.05
rule,76,1,21,0.94,0.015,0.9,0.05,0.0,0.0,0.9,0.9,0.05,0.05
rule,77,1,21,0.94,0.015,0.9,0.05,0.0,0.0,0.9,0.9,0.05,0.05
rule,78,1,21,0.94,0.015,0.9,0.05,0.0,0.0,0.9,0.9,0.05,0.05
rule,79,1,21,0.94,0.015,0.9,0.05,0.0,0.0,0.9,0.9,0.05,0.05
rule,80,1,21,0.94,0.015,0.9,0.05,0.0,0.0,0.9,0.9,0.05,0.05
rule,81,1,21,0.94,0.015,0.9,0.05,0.0,0.0,0.9,0.9,0.05,0.05
rule,82,1,21,0.94,0.015,0.9,0.05,0.0,0.0,0.9,0.9,0.05,0.05
rule,83,1,21,0.94,0.015,0.9,0.05,0.0,0.0,0.9,0.9,0.05,0.05
rule,84,1,21,0.94,0.015,0.9,0.05,0.0,0.0,0.9,0.9,0.05,0.05
rule,85,1,21,0.94,0.015,0.9,0.05,0.0,0.0,0.9,0.9,0.05,0.05
rule,86,1,21,0.94,0.015,0.9,0.05,0.0,0.0,0.9,0.9,0.05,0.05
rule,87,1,21,0.94,0.015,0.9,0.05,0.0,0.0,0.9,0.9,0.05,0.05
rule,88,1,21,0.94,0.015,0.9,0.05,0.0,0.0,0.9,0.9,0.05,0.05
rule,89,1,21,0.94,0.015,0.9,0.05,0.0,0.0,0.9,0.9,0.05,0.05
rule,90,1,21,0.94,0.015,0.9,0.05,0.0,0.0,0.9,0.9,0.05,0.05
rule,91,1,21,0.94,0.015,0.9,0.05,0.0,0.0,0.9,0.9,0.05,0.05
rule,92,1,21,0.94,0.015,0.9,0.05,0.0,0.0,0.9,0.9,0.05,0.05
rule,93,1,21,0.94,0.015,0.9,0.05,0.0,0.0,0.9,0.9,0.05,0.05
rule,94,1,21,0.94,0.015,0.9,0.05,0.0,0.0,0.9,0.9,0.05,0.05
rule,95,1,21,0.94,0.015,0.9,0.05,0.0,0.0,0.9,0.9,0.05,0.05
rule,96,1,21,0.94,0.015,0.9,0.05,0.0,0.0,0.9,0.9,0.05,0.05
rule,97,1,21,0.94,0.015,0.9,0.05,0.0,0.0,0.9,0.9,0.05,0.05
rule,98,1,21,0.94,0.015,0.9,0.05,0.0,0.0,0.9,0.9,0.05,0.05
rule,99,1,21,0.94,0.015,0.9,0.05,0.0,0.0,0.9,0.9,0.05,0.05
rule,100,1,21,0.94,0.015,0.9,0.05,0.0,0.0,0.9,0.9,0.05,0.05
rule,101,1,21,0.94,0.015,0.9,0.05,0.0,0.0,0.9,0.9,0.05,0.05
rule,102,1,21,0.94,0.015,0.9,0.05,0.0,0.0,0.9,0.9,0.05,0.05
rule,103,1,21,0.94,0.015,0.9,0.05,0.0,0.0,0.9,0.9,0.05,0.05
rule,104,1,21,0.94,0.015,0.9,0.05,0.0,0.0,0.9,0.9,0.05,0.05
rule,105,1,21,0.94,0.015,0.9,0.05,0.0,0.0,0.9,0.9,0.05,0.05
rule,106,1,21,0.94,0.015,0.9,0.05,0.0,0.0,0.9,0.9,0.05,0.05
rule,107,1,21,0.94,0.015,0.9,0.05,0.0,0.0,0.9,0.9,0.05,0.05
rule,108,1,21,0.94,0.015,0.9,0.05,0.0,0.0,0.9,0.9,0.05,0.05
rule,109,1,21,0.94,0.015,0.9,0.05,0.0,0.0,0.9,0.9,0.05,0.05
rule,110,1,21,0.94,0.015,0.9,0.05,0.0,0.0,0.9,0.9,0.05,0.05
rule,111,1,21,0.94,0.015,0.9,0.05,0.0,0.0,0.9,0.9,0.05,0.05
rule,112,1,21,0.94,0.015,0.9,0.05,0.0,0.0,0.9,0.9,0.05,0.05
rule,113,1,21,0.94,0.015,0.9,0.05,0.0,0.0,0.9,0.9,0.05,0.05
rule,114,1,21,0.94,0.015,0.9,0.05,0.0,0.0,0.9,0.9,0.05,0.05
rule,115,1,21,0.94,0.015,0.9,0.05,0.0,0.0,0.9,0.9,0.05,0.05
rule,116,1,21,0.94,0.015,0.9,0.05,0.0,0.0,0.9,0.9,0.05,0.05
rule,117,1,21,0.94,0.015,0.9,0.05,0.0,0.0,0.9,0.9,0.05,0.05
rule,118,1,21,0.94,0.015,0.9,0.05,0.0,0.0,0.9,0.9,0.05,0.05
rule,119,1,21,0.94,0.015,0.9,0.05,0.0,0.0,0.9,0.9,0.05,0.05
rule,120,1,21,0.94,0.015,0.9,0.05,0.0,0.0,0.9,0.9,0.05,0.05
rule,121,1,21,0.94,0.015,0.9,0.05,0.0,0.0,0.9,0.9,0.05,0.05
rule,122,1,21,0.94,0.015,0.9,0.05,0.0,0.0,0.9,0.9,0.05,0.05
rule,123,1,21,0.94,0.015,0.9,0.05,0.0,0.0,0.9,0.9,0.05,0.05
rule,124,1,21,0.94,0.015,0.9,0.05,0.0,0.0,0.9,0.9,0.05,0.05
rule,125,1,21,0.94,0.015,0.9,0.05,0.0,0.0,0.9,0.9,0.05,0.05
rule,126,1,21,0.94,0.015,0.9,0.05,0.0,0.0,0.9,0.9,0.05,0.05
rule,127,1,21,0.94,0.015,0.9,0.05,0.0,0.0,0.9,0.9,0.05,0.05
rule,128,1,21,0.94,0.015,0.9,0.05,0.0,0.0,0.9,0.9,0.05,0.05
rule,129,1,21,0.94,0.015,0.9,0.05,0.0,0.0,0.9,0.9,0.05,0.05
rule,130,1,21,0.94,0.015,0.9,0.05,0.0,0.0,0.9,0.9,0.05,0.05
rule,131,1,21,0.94,0.015,0.9,0.05,0.0,0.0,0.9,0.9,0.05,0.05
rule,132,1,21,0.94,0.015,0.9,0.05,0.0,0.0,0.9,0.9,0.05,0.05
rule,133,1,21,0.94,0.015,0.9,0.05,0.0,0.0,0.9,0.9,0.05,0.05
rule,134,1,21,0.94,0.015,0.9,0.05,0.0,0.0,0.9,0.9,0.05,0.05
rule,135,1,21,0.94,0.015,0.9,0.05,0.0,0.0,0.9,0.9,0.05,0.05
rule,136,1,21,0.94,0.015,0.9,0.05,0.0,0.0,0.9,0.9,0.05,0.05
rule,137,1,21,0.94,0.015,0.9,0.05,0.0,0.0,0.9,0.9,0.05,0.05
rule,138,1,21,0.94,0.015,0.9,0.05,0.0,0.0,0.9,0.9,0.05,0.05
rule,139,1,21,0.94,0.015,0.9,0.05,0.0,0.0,0.9,0.9,0.05,0.05
rule,140,1,21,0.94,0.015,0.9,0.05,0.0,0.0,0.9,0.9,0.05,0.05
rule,141,1,21,0.94,0.015,0.9,0.05,0.0,0.0,0.9,0.9,0.05,0.05
rule,142,1,21,0.94,0.015,0.9,0.05,0.0,0.0,0.9,0.9,0.05,0.05
rule,143,1,21,0.94,0.015,0.9,0.05,0.0,0.0,0.9,0.9,0.05,0.05
rule,144,1,21,0.94,0.015,0.9,0.05,0.0,0.0,0.9,0.9,0.05,0.05
rule,145,1,21,0.94,0.015,0.9,0.05,0.0,0.0,0.9,0.9,0.05,0.05
rule,146,1,21,0.94,0.015,0.9,0.05,0.0,0.0,0.9,0.9,0.05,0.05
rule,147,1,21,0.94,0.015,0.9,0.05,0.0,0.0,0.9,0.9,0.05,0.05
rule,148,1,21,0.94,0.015,0.9,0.05,0.0,0.0,0.9,0.9,0.05,0.05
rule,149,1,21,0.94,0.015,0.9,0.05,0.0,0.0,0.9,0.9,0.05,0.05
rule,150,1,21,0.94,0.015,0.9,0.05,0.0,0.0,0.9,0.9,0.05,0.05
rule,151,1,21,0.94,0.015,0.9,0.05,0.0,0.0,0.9,0.9,0.05,0.05
rule,152,1,21,0.94,0.015,0.9,0.05,0.0,0.0,0.9,0.9,0.05,0.05
rule,153,1,21,0.94,0.015,0.9,0.05,0.0,0.0,0.9,0.9,0.05,0.05
rule,154,1,21,0.94,0.015,0.9,0.05,0.0,0.0,0.9,0.9,0.05,0.05
rule,155,1,21,0.94,0.015,0.9,0.05,0.0,0.0,0.9,0.9,0.05,0.05
rule,156,1,21,0.94,0.015,0.9,0.05,0.0,0.0,0.9,0.9,0.05,0.05
rule,157,1,21,0.94,0.015,0.9,0.05,0.0,0.0,0.9,0.9,0.05,0.05
rule,158,1,21,0.94,0.015,0.9,0.05,0.0,0.0,0.9,0.9,0.05,0.05
rule,159,1,21,0.94,0.015,0.9,0.05,0.0,0.0,0.9,0.9,0.05,0.05
rule,160,1,21,0.94,0.015,0.9,0.05,0.0,0.0,0.9,0.9,0.05,0.05
rule,161,1,21,0.94,0.015,0.9,0.05,0.0,0.0,0.9,0.9,0.05,0.05
rule,162,1,21,0.94,0.015,0.9,0.05,0.0,0.0,0.9,0.9,0.05,0.05
rule,163,1,21,0.94,0.015,0.9,0.05,0.0,0.0,0.9,0.9,0.05,0.05
rule,164,1,21,0.94,0.015,0.9,0.05,0.0,0.0,0.9,0.9,0.05,0.05
rule,165,1,21,0.94,0.015,0.9,0.05,0.0,0.0,0.9,0.9,0.05,0.05
rule,166,1,21,0.94,0.015,0.9,0.05,0.0,0.0,0.9,0.9,0.05,0.05
rule,167,1,21,0.94,0.015,0.9,0.05,0.0,0.0,0.9,0.9,0.05,0.05
rule,168,1,21,0.94,0.015,0.9,0.05,0.0,0.0,0.9,0.9,0.05,0.05
rule,169,1,21,0.94,0.015,0.9,0.05,0.0,0.0,0.9,0.9,0.05,0.05
rule,170,1,21,0.94,0.015,0.9,0.05,0.0,0.0,0.9,0.9,0.05,0.05
rule,171,1,21,0.94,0.015,0.9,0.05,0.0,0.0,0.9,0.9,0.05,0.05
rule,172,1,21,0.94,0.015,0.9,0.05,0.0,0.0,0.9,0.9,0.05,0.05
rule,173,1,21,0.94,0.015,0.9,0.05,0.0,0.0,0.9,0.9,0.05,0.05
rule,174,1,21,0.94,0.015,0.9,0.05,0.0,0.0,0.9,0.9,0.05,0.05
rule,175,1,21,0.94,0.015,0.9,0.05,0.0,0.0,0.9,0.9,0.05,0.05
rule,176,1,21,0.94,0.015,0.9,0.05,0.0,0.0,0.9,0.9,0.05,0.05
rule,177,1,21,0.94,0.015,0.9,0.05,0.0,0.0,0.9,0.9,0.05,0.05
rule,178,1,21,0.94,0.015,0.9,0.05,0.0,0.0,0.9,0.9,0.05,0.05
rule,179,1,21,0.94,0.015,0.9,0.05,0.0,0.0,0.9,0.9,0.05,0.05
rule,180,1,21,0.604,0.09899999999999999,0.9,0.05,0.0,0.0,0.9,0.9,0.05,0.05
rule,181,1,21,0.604,0.09899999999999999,0.9,0.05,0.0,0.0,0.9,0.9,0.05,0.05
rule,182,1,21,0.604,0.09899999999999999,0.9,0.05,0.0,0.0,0.9,0.9,0.05,0.05
rule,183,1,21,0.604,0.09899999999999999,0.9,0.05,0.0,0.0,0.9,0.9,0.05,0.05
rule,184,1,21,0.604,0.09899999999999999,0.9,0.05,0.0,0.0,0.9,0.9,0.05,0.05
rule,185,1,21,0.604,0.09899999999999999,0.9,0.05,0.0,0.0,0.9,0.9,0.05,0.05
rule,186,1,21,0.604,0.09899999999999999,0.9,0.05,0.0,0.0,0.9,0.9,0.05,0.05
rule,187,1,21,0.604,0.09899999999999999,0.9,0.05,0.0,0.0,0.9,0.9,0.05,0.05
rule,188,1,21,0.604,0.09899999999999999,0.9,0.05,0.0,0.0,0.9,0.9,0.05,0.05
rule,189,1,21,0.604,0.09899999999999999,0.9,0.05,0.0,0.0,0.9,0.9,0.05,0.05
rule,190,1,21,0.604,0.09899999999999999,0.9,0.05,0.0,0.0,0.9,0.9,0.05,0.05
rule,191,1,21,0.604,0.09899999999999999,0.9,0.05,0.0,0.0,0.9,0.9,0.05,0.05
rule,192,1,21,0.604,0.09899999999999999,0.9,0.05,0.0,0.0,0.9,0.9,0.05,0.05
rule,193,1,21,0.604,0.09899999999999999,0.9,0.05,0.0,0.0,0.9,0.9,0.05,0.05
rule,194,1,21,0.604,0.09899999999999999,0.9,0.05,0.0,0.0,0.9,0.9,0.05,0.05
rule,195,1,21,0.604,0.09899999999999999,0.9,0.05,0.0,0.0,0.9,0.9,0.05,0.05
rule,196,1,21,0.604,0.09899999999999999,0.9,0.05,0.0,0.0,0.9,0.9,0.05,0.05
rule,197,1,21,0.604,0.09899999999999999,0.9,0.05,0.0,0.0,0.9,0.9,0.05,0.05
rule,198,1,21,0.604,0.09899999999999999,0.9,0.05,0.0,0.0,0.9,0.9,0.05,0.05
rule,199,1,21,0.604,0.09899999999999999,0.9,0.05,0.0,0.0,0.9,0.9,0.05,0.05
rule,200,1,21,0.604,0.09899999999999999,0.9,0.05,0.0,0.0,0.9,0.9,0.05,0.05
rule,201,1,21,0.604,0.09899999999999999,0.9,0.05,0.0,0.0,0.9,0.9,0.05,0.05
rule,202,1,21,0.604,0.09899999999999999,0.9,0.05,0.0,0.0,0.9,0.9,0.05,0.05
rule,203,1,21,0.604,0.09899999999999999,0.9,0.05,0.0,0.0,0.9,0.9,0.05,0.05
rule,204,1,21,0.604,0.09899999999999999,0.9,0.05,0.0,0.0,0.9,0.9,0.05,0.05
rule,205,1,21,0.604,0.09899999999999999,0.9,0.05,0.0,0.0,0.9,0.9,0.05,0.05
rule,206,1,21,0.604,0.09899999999999999,0.9,0.05,0.0,0.0,0.9,0.9,0.05,0.05
rule,207,1,21,0.604,0.09899999999999999,0.9,0.05,0.0,0.0,0.9,0.9,0.05,0.05
rule,208,1,21,0.604,0.09899999999999999,0.9,0.05,0.0,0.0,0.9,0.9,0.05,0.05
rule,209,1,21,0.604,0.09899999999999999,0.9,0.05,0.0,0.0,0.9,0.9,0.05,0.05
rule,210,1,21,0.604,0.09899999999999999,0.9,0.05,0.0,0.0,0.9,0.9,0.05,0.05
rule,211,1,21,0.604,0.09899999999999999,0.9,0.05,0.0,0.0,0.9,0.9,0.05,0.05
rule,212,1,21,0.604,0.09899999999999999,0.9,0.05,0.0,0.0,0.9,0.9,0.05,0.05
rule,213,1,21,0.604,0.09899999999999999,0.9,0.05,0.0,0.0,0.9,0.9,0.05,0.05
rule,214,1,21,0.604,0.09899999999999999,0.9,0.05,0.0,0.0,0.9,0.9,0.05,0.05
rule,215,1,21,0.604,0.09899999999999999,0.9,0.05,0.0,0.0,0.9,0.9,0.05,0.05
rule,216,1,21,0.604,0.09899999999999999,0.9,0.05,0.0,0.0,0.9,0.9,0.05,0.05
rule,217,1,21,0.604,0.09899999999999999,0.9,0.05,0.0,0.0,0.9,0.9,0.05,0.05
rule,218,1,21,0.604,0.09899999999999999,0.9,0.05,0.0,0.0,0.9,0.9,0.05,0.05
rule,219,1,21,0.604,0.09899999999999999,0.9,0.05,0.0,0.0,0.9,0.9,0.05,0.05
rule,220,1,21,0.604,0.09899999999999999,0.9,0.05,0.0,0.0,0.9,0.9,0.05,0.05
rule,221,1,21,0.604,0.09899999999999999,0.9,0.05,0.0,0.0,0.9,0.9,0.05,0.05
rule,222,1,21,0.604,0.09899999999999999,0.9,0.05,0.0,0.0,0.9,0.9,0.05,0.05
rule,223,1,21,0.604,0.09899999999999999,0.9,0.05,0.0,0.0,0.9,0.9,0.05,0.05
rule,224,1,21,0.604,0.09899999999999999,0.9,0.05,0.0,0.0,0.9,0.9,0.05,0.05
rule,225,1,21,0.604,0.09899999999999999,0.9,0.05,0.0,0.0,0.9,0.9,0.05,0.05
rule,226,1,21,0.604,0.09899999999999999,0.9,0.05,0.0,0.0,0.9,0.9,0.05,0.05
rule,227,1,21,0.604,0.09899999999999999,0.9,0.05,0.0,0.0,0.9,0.9,0.05,0.05
rule,228,1,21,0.604,0.09899999999999999,0.9,0.05,0.0,0.0,0.9,0.9,0.05,0.05
rule,229,1,21,0.604,0.09899999999999999,0.9,0.05,0.0,0.0,0.9,0.9,0.05,0.05
rule,230,1,21,0.604,0.09899999999999999,0.9,0.05,0.0,0.0,0.9,0.9,0.05,0.05
rule,231,1,21,0.604,0.09899999999999999,0.9,0.05,0.0,0.0,0.9,0.9,0.05,0.05
rule,232,1,21,0.604,0.09899999999999999,0.9,0.05,0.0,0.0,0.9,0.9,0.05,0.05
rule,233,1,21,0.604,0.09899999999999999,0.9,0.05,0.0,0.0,0.9,0.9,0.05,0.05
rule,234,1,21,0.604,0.09899999999999999,0.9,0.05,0.0,0.0,0.9,0.9,0.05,0.05
rule,235,1,21,0.604,0.09899999999999999,0.9,0.05,0.0,0.0,0.9,0.9,0.05,0.05
rule,236,1,21,0.604,0.09899999999999999,0.9,0.05,0.0,0.0,0.9,0.9,0.05,0.05
rule,237,1,21,0.604,0.09899999999999999,0.9,0.05,0.0,0.0,0.9,0.9,0.05,0.05
rule,238,1,21,0.604,0.09899999999999999,0.9,0.05,0.0,0.0,0.9,0.9,0.05,0.05
rule,239,1,21,0.604,0.09899999999999999,0.9,0.05,0.0,0.0,0.9,0.9,0.05,0.05
rule,240,1,21,0.604,0.09899999999999999,0.9,0.05,0.0,0.0,0.9,0.9,0.05,0.05
rule,241,1,21,0.604,0.09899999999999999,0.9,0.05,0.0,0.0,0.9,0.9,0.05,0.05
rule,242,1,21,0.604,0.09899999999999999,0.9,0.05,0.0,0.0,0.9,0.9,0.05,0.05
rule,243,1,21,0.604,0.09899999999999999,0.9,0.05,0.0,0.0,0.9,0.9,0.05,0.05
rule,244,1,21,0.604,0.09899999999999999,0.9,0.05,0.0,0.0,0.9,0.9,0.05,0.05
rule,245,1,21,0.604,0.09899999999999999,0.9,0.05,0.0,0.0,0.9,0.9,0.05,0.05
rule,246,1,21,0.604,0.09899999999999999,0.9,0.05,0.0,0.0,0.9,0.9,0.05,0.05
rule,247,1,21,0.604,0.09899999999999999,0.9,0.05,0.0,0.0,0.9,0.9,0.05,0.05
rule,248,1,21,0.604,0.09899999999999999,0.9,0.05,0.0,0.0,0.9,0.9,0.05,0.05
rule,249,1,21,0.604,0.09899999999999999,0.9,0.05,0.0,0.0,0.9,0.9,0.05,0.05
rule,250,1,21,0.604,0.09899999999999999,0.9,0.05,0.0,0.0,0.9,0.9,0.05,0.05
rule,251,1,21,0.604,0.09899999999999999,0.9,0.05,0.0,0.0,0.9,0.9,0.05,0.05
rule,252,1,21,0.604,0.09899999999999999,0.9,0.05,0.0,0.0,0.9,0.9,0.05,0.05
rule,253,1,21,0.604,0.09899999999999999,0.9,0.05,0.0,0.0,0.9,0.9,0.05,0.05
rule,254,1,21,0.604,0.09899999999999999,0.9,0.05,0.0,0.0,0.9,0.9,0.05,0.05
rule,255,1,21,0.604,0.09899999999999999,0.9,0.05,0.0,0.0,0.9,0.9,0.05,0.05
rule,256,1,21,0.604,0.09899999999999999,0.9,0.05,0.0,0.0,0.9,0.9,0.05,0.05
rule,257,1,21,0.604,0.09899999999999999,0.9,0.05,0.0,0.0,0.9,0.9,0.05,0.05
rule,258,1,21,0.604,0.09899999999999999,0.9,0.05,0.0,0.0,0.9,0.9,0.05,0.05
rule,259,1,21,0.604,0.09899999999999999,0.9,0.05,0.0,0.0,0.9,0.9,0.05,0.05
rule,260,1,21,0.604,0.09899999999999999,0.9,0.05,0.0,0.0,0.9,0.9,0.05,0.05
rule,261,1,21,0.604,0.09899999999999999,0.9,0.05,0.0,0.0,0.9,0.9,0.05,0.05
rule,262,1,21,0.604,0.09899999999999999,0.9,0.05,0.0,0.0,0.9,0.9,0.05,0.05
rule,263,1,21,0.604,0.09899999999999999,0.9,0.05,0.0,0.0,0.9,0.9,0.05,0.05
rule,264,1,21,0.604,0.09899999999999999,0.9,0.05,0.0,0.0,0.9,0.9,0.05,0.05
rule,265,1,21,0.604,0.09899999999999999,0.9,0.05,0.0,0.0,0.9,0.9,0.05,0.05
rule,266,1,21,0.604,0.09899999999999999,0.9,0.05,0.0,0.0,0.9,0.9,0.05,0.05
rule,267,1,21,0.604,0.09899999999999999,0.9,0.05,0.0,0.0,0.9,0.9,0.05,0.05
rule,268,1,21,0.604,0.09899999999999999,0.9,0.05,0.0,0.0,0.9,0.9,0.05,0.05
rule,269,1,21,0.604,0.09899999999999999,0.9,0.05,0.0,0.0,0.9,0.9,0.05,0.05
rule,270,1,21,0.604,0.09899999999999999,0.9,0.05,0.0,0.0,0.9,0.9,0.05,0.05
rule,271,1,21,0.604,0.09899999999999999,0.9,0.05,0.0,0.0,0.9,0.9,0.05,0.05
rule,272,1,21,0.604,0.09899999999999999,0.9,0.05,0.0,0.0,0.9,0.9,0.05,0.05
rule,273,1,21,0.604,0.09899999999999999,0.9,0.05,0.0,0.0,0.9,0.9,0.05,0.05
rule,274,1,21,0.604,0.09899999999999999,0.9,0.05,0.0,0.0,0.9,0.9,0.05,0.05
rule,275,1,21,0.604,0.09899999999999999,0.9,0.05,0.0,0.0,0.9,0.9,0.05,0.05
rule,276,1,21,0.604,0.09899999999999999,0.9,0.05,0.0,0.0,0.9,0.9,0.05,0.05
rule,277,1,21,0.604,0.09899999999999999,0.9,0.05,0.0,0.0,0.9,0.9,0.05,0.05
rule,278,1,21,0.604,0.09899999999999999,0.9,0.05,0.0,0.0,0.9,0.9,0.05,0.05
rule,279,1,21,0.604,0.09899999999999999,0.9,0.05,0.0,0.0,0.9,0.9,0.05,0.05
rule,280,1,21,0.604,0.09899999999999999,0.9,0.05,0.0,0.0,0.9,0.9,0.05,0.05
rule,281,1,21,0.604,0.09899999999999999,0.9,0.05,0.0,0.0,0.9,0.9,0.05,0.05
rule,282,1,21,0.604,0.09899999999999999,0.9,0.05,0.0,0.0,0.9,0.9,0.05,0.05
rule,283,1,21,0.604,0.09899999999999999,0.9,0.05,0.0,0.0,0.9,0.9,0.05,0.05
rule,284,1,21,0.604,0.09899999999999999,0.9,0.05,0.0,0.0,0.9,0.9,0.05,0.05
rule,285,1,21,0.604,0.09899999999999999,0.9,0.05,0.0,0.0,0.9,0.9,0.05,0.05
rule,286,1,21,0.604,0.09899999999999999,0.9,0.05,0.0,0.0,0.9,0.9,0.05,0.05
rule,287,1,21,0.604,0.09899999999999999,0.9,0.05,0.0,0.0,0.9,0.9,0.05,0.05
rule,288,1,21,0.604,0.09899999999999999,0.9,0.05,0.0,0.0,0.9,0.9,0.05,0.05
rule,289,1,21,0.604,0.09899999999999999,0.9,0.05,0.0,0.0,0.9,0.9,0.05,0.05
rule,290,1,21,0.604,0.09899999999999999,0.9,0.05,0.0,0.0,0.9,0.9,0.05,0.05
rule,291,1,21,0.604,0.09899999999999999,0.9,0.05,0.0,0.0,0.9,0.9,0.05,0.05
rule,292,1,21,0.604,0.09899999999999999,0.9,0.05,0.0,0.0,0.9,0.9,0.05,0.05
rule,293,1,21,0.604,0.09899999999999999,0.9,0.05,0.0,0.0,0.9,0.9,0.05,0.05
rule,294,1,21,0.604,0.09899999999999999,0.9,0.05,0.0,0.0,0.9,0.9,0.05,0.05
rule,295,1,21,0.604,0.09899999999999999,0.9,0.05,0.0,0.0,0.9,0.9,0.05,0.05
rule,296,1,21,0.604,0.09899999999999999,0.9,0.05,0.0,0.0,0.9,0.9,0.05,0.05
rule,297,1,21,0.604,0.09899999999999999,0.9,0.05,0.0,0.0,0.9,0.9,0.05,0.05
rule,298,1,21,0.604,0.09899999999999999,0.9,0.05,0.0,0.0,0.9,0.9,0.05,0.05
rule,299,1,21,0.604,0.09899999999999999,0.9,0.05,0.0,0.0,0.9,0.9,0.05,0.05
rule,300,1,21,0.604,0.09899999999999999,0.9,0.05,0.0,0.0,0.9,0.9,0.05,0.05
rule,301,1,21,0.604,0.09899999999999999,0.9,0.05,0.0,0.0,0.9,0.9,0.05,0.05
rule,302,1,21,0.604,0.09899999999999999,0.9,0.05,0.0,0.0,0.9,0.9,0.05,0.05
rule,303,1,21,0.604,0.09899999999999999,0.9,0.05,0.0,0.0,0.9,0.9,0.05,0.05
rule,304,1,21,0.604,0.09899999999999999,0.9,0.05,0.0,0.0,0.9,0.9,0.05,0.05
rule,305,1,21,0.604,0.09899999999999999,0.9,0.05,0.0,0.0,0.9,0.9,0.05,0.05
rule,306,1,21,0.604,0.09899999999999999,0.9,0.05,0.0,0.0,0.9,0.9,0.05,0.05
rule,307,1,21,0.604,0.09899999999999999,0.9,0.05,0.0,0.0,0.9,0.9,0.05,0.05
rule,308,1,21,0.604,0.09899999999999999,0.9,0.05,0.0,0.0,0.9,0.9,0.05,0.05
rule,309,1,21,0.604,0.09899999999999999,0.9,0.05,0.0,0.0,0.9,0.9,0.05,0.05
rule,310,1,21,0.604,0.09899999999999999,0.9,0.05,0.0,0.0,0.9,0.9,0.05,0.05
rule,311,1,21,0.604,0.09899999999999999,0.9,0.05,0.0,0.0,0.9,0.9,0.05,0.05
rule,312,1,21,0.604,0.09899999999999999,0.9,0.05,0.0,0.0,0.9,0.9,0.05,0.05
rule,313,1,21,0.604,0.09899999999999999,0.9,0.05,0.0,0.0,0.9,0.9,0.05,0.05
rule,314,1,21,0.604,0.09899999999999999,0.9,0.05,0.0,0.0,0.9,0.9,0.05,0.05
rule,315,1,21,0.604,0.09899999999999999,0.9,0.05,0.0,0.0,0.9,0.9,0.05,0.05
rule,316,1,21,0.604,0.09899999999999999,0.9,0.05,0.0,0.0,0.9,0.9,0.05,0.05
rule,317,1,21,0.604,0.09899999999999999,0.9,0.05,0.0,0.0,0.9,0.9,0.05,0.05
rule,318,1,21,0.604,0.09899999999999999,0.9,0.05,0.0,0.0,0.9,0.9,0.05,0.05
rule,319,1,21,0.604,0.09899999999999999,0.9,0.05,0.0,0.0,0.9,0.9,0.05,0.05
rule,320,1,21,0.604,0.09899999999999999,0.9,0.05,0.0,0.0,0.9,0.9,0.05,0.05
rule,321,1,21,0.604,0.09899999999999999,0.9,0.05,0.0,0.0,0.9,0.9,0.05,0.05
rule,322,1,21,0.604,0.09899999999999999,0.9,0.05,0.0,0.0,0.9,0.9,0.05,0.05
rule,323,1,21,0.604,0.09899999999999999,0.9,0.05,0.0,0.0,0.9,0.9,0.05,0.05
rule,324,1,21,0.604,0.09899999999999999,0.9,0.05,0.0,0.0,0.9,0.9,0.05,0.05
rule,325,1,21,0.604,0.09899999999999999,0.9,0.05,0.0,0.0,0.9,0.9,0.05,0.05
rule,326,1,21,0.604,0.09899999999999999,0.9,0.05,0.0,0.0,0.9,0.9,0.05,0.05
rule,327,1,21,0.604,0.09899999999999999,0.9,0.05,0.0,0.0,0.9,0.9,0.05,0.05
rule,328,1,21,0.604,0.09899999999999999,0.9,0.05,0.0,0.0,0.9,0.9,0.05,0.05
rule,329,1,21,0.604,0.09899999999999999,0.9,0.05,0.0,0.0,0.9,0.9,0.05,0.05
rule,330,1,21,0.604,0.09899999999999999,0.9,0.05,0.0,0.0,0.9,0.9,0.05,0.05
rule,331,1,21,0.604,0.09899999999999999,0.9,0.05,0.0,0.0,0.9,0.9,0.05,0.05
rule,332,1,21,0.604,0.09899999999999999,0.9,0.05,0.0,0.0,0.9,0.9,0.05,0.05
rule,333,1,21,0.604,0.09899999999999999,0.9,0.05,0.0,0.0,0.9,0.9,0.05,0.05
rule,334,1,21,0.604,0.09899999999999999,0.9,0.05,0.0,0.0,0.9,0.9,0.05,0.05
rule,335,1,21,0.604,0.09899999999999999,0.9,0.05,0.0,0.0,0.9,0.9,0.05,0.05
rule,336,1,21,0.604,0.09899999999999999,0.9,0.05,0.0,0.0,0.9,0.9,0.05,0.05
rule,337,1,21,0.604,0.09899999999999999,0.9,0.05,0.0,0.0,0.9,0.9,0.05,0.05
rule,338,1,21,0.604,0.09899999999999999,0.9,0.05,0.0,0.0,0.9,0.9,0.05,0.05
rule,339,1,21,0.604,0.09899999999999999,0.9,0.05,0.0,0.0,0.9,0.9,0.05,0.05
rule,340,1,21,0.604,0.09899999999999999,0.9,0.05,0.0,0.0,0.9,0.9,0.05,0.05
rule,341,1,21,0.604,0.09899999999999999,0.9,0.05,0.0,0.0,0.9,0.9,0.05,0.05
rule,342,1,21,0.604,0.09899999999999999,0.9,0.05,0.0,0.0,0.9,0.9,0.05,0.05
rule,343,1,21,0.604,0.09899999999999999,0.9,0.05,0.0,0.0,0.9,0.9,0.05,0.05
rule,344,1,21,0.604,0.09899999999999999,0.9,0.05,0.0,0.0,0.9,0.9,0.05,0.05
rule,345,1,21,0.604,0.09899999999999999,0.9,0.05,0.0,0.0,0.9,0.9,0.05,0.05
rule,346,1,21,0.604,0.09899999999999999,0.9,0.05,0.0,0.0,0.9,0.9,0.05,0.05
rule,347,1,21,0.604,0.09899999999999999,0.9,0.05,0.0,0.0,0.9,0.9,0.05,0.05
rule,348,1,21,0.604,0.09899999999999999,0.9,0.05,0.0,0.0,0.9,0.9,0.05,0.05
rule,349,1,21,0.604,0.09899999999999999,0.9,0.05,0.0,0.0,0.9,0.9,0.05,0.05
rule,350,1,21,0.604,0.09899999999999999,0.9,0.05,0.0,0.0,0.9,0.9,0.05,0.05
rule,351,1,21,0.604,0.09899999999999999,0.9,0.05,0.0,0.0,0.9,0.9,0.05,0.05
rule,352,1,21,0.604,0.09899999999999999,0.9,0.05,0.0,0.0,0.9,0.9,0.05,0.05
rule,353,1,21,0.604,0.09899999999999999,0.9,0.05,0.0,0.0,0.9,0.9,0.05,0.05
rule,354,1,21,0.604,0.09899999999999999,0.9,0.05,0.0,0.0,0.9,0.9,0.05,0.05
rule,355,1,21,0.604,0.09899999999999999,0.9,0.05,0.0,0.0,0.9,0.9,0.05,0.05
rule,356,1,21,0.604,0.09899999999999999,0.9,0.05,0.0,0.0,0.9,0.9,0.05,0.05
rule,357,1,21,0.604,0.09899999999999999,0.9,0.05,0.0,0.0,0.9,0.9,0.05,0.05
rule,358,1,21,0.604,0.09899999999999999,0.9,0.05,0.0,0.0,0.9,0.9,0.05,0.05
rule,359,1,21,0.604,0.09899999999999999,0.9,0.05,0.0,0.0,0.9,0.9,0.05,0.05
rule,360,1,21,0.604,0.09899999999999999,0.9,0.05,0.0,0.0,0.9,0.9,0.05,0.05
rule,361,1,21,0.604,0.09899999999999999,0.9,0.05,0.0,0.0,0.9,0.9,0.05,0.05
rule,362,1,21,0.604,0.09899999999999999,0.9,0.05,0.0,0.0,0.9,0.9,0.05,0.05
rule,363,1,21,0.604,0.09899999999999999,0.9,0.05,0.0,0.0,0.9,0.9,0.05,0.05
rule,364,1,21,0.604,0.09899999999999999,0.9,0.05,0.0,0.0,0.9,0.9,0.05,0.05
rule,365,1,21,0.604,0.09899999999999999,0.9,0.05,0.0,0.0,0.9,0.9,0.05,0.05
rule,366,1,21,0.604,0.09899999999999999,0.9,0.05,0.0,0.0,0.9,0.9,0.05,0.05
rule,367,1,21,0.604,0.09899999999999999,0.9,0.05,0.0,0.0,0.9,0.9,0.05,0.05
rule,368,1,21,0.604,0.09899999999999999,0.9,0.05,0.0,0.0,0.9,0.9,0.05,0.05
rule,369,1,21,0.604,0.09899999999999999,0.9,0.05,0.0,0.0,0.9,0.9,0.05,0.05
rule,370,1,21,0.604,0.09899999999999999,0.9,0.05,0.0,0.0,0.9,0.9,0.05,0.05
rule,371,1,21,0.604,0.09899999999999999,0.9,0.05,0.0,0.0,0.9,0.9,0.05,0.05
rule,372,1,21,0.604,0.09899999999999999,0.9,0.05,0.0,0.0,0.9,0.9,0.05,0.05
rule,373,1,21,0.604,0.09899999999999999,0.9,0.05,0.0,0.0,0.9,0.9,0.05,0.05
rule,374,1,21,0.604,0.09899999999999999,0.9,0.05,0.0,0.0,0.9,0.9,0.05,0.05
rule,375,1,21,0.604,0.09899999999999999,0.9,0.05,0.0,0.0,0.9,0.9,0.05,0.05
rule,376,1,21,0.604,0.09899999999999999,0.9,0.05,0.0,0.0,0.9,0.9,0.05,0.05
rule,377,1,21,0.604,0.09899999999999999,0.9,0.05,0.0,0.0,0.9,0.9,0.05,0.05
rule,378,1,21,0.604,0.09899999999999999,0.9,0.05,0.0,0.0,0.9,0.9,0.05,0.05
rule,379,1,21,0.604,0.09899999999999999,0.9,0.05,0.0,0.0,0.9,0.9,0.05,0.05
rule,380,1,21,0.604,0.09899999999999999,0.9,0.05,0.0,0.0,0.9,0.9,0.05,0.05
rule,381,1,21,0.604,0.09899999999999999,0.9,0.05,0.0,0.0,0.9,0.9,0.05,0.05
rule,382,1,21,0.604,0.09899999999999999,0.9,0.05,0.0,0.0,0.9,0.9,0.05,0.05
rule,383,1,21,0.604,0.09899999999999999,0.9,0.05,0.0,0.0,0.9,0.9,0.05,0.05
rule,384,1,21,0.604,0.09899999999999999,0.9,0.05,0.0,0.0,0.9,0.9,0.05,0.05
rule,385,1,21,0.604,0.09899999999999999,0.9,0.05,0.0,0.0,0.9,0.9,0.05,0.05
rule,386,1,21,0.604,0.09899999999999999,0.9,0.05,0.0,0.0,0.9,0.9,0.05,0.05
rule,387,1,21,0.604,0.09899999999999999,0.9,0.05,0.0,0.0,0.9,0.9,0.05,0.05
rule,388,1,21,0.604,0.09899999999999999,0.9,0.05,0.0,0.0,0.9,0.9,0.05,0.05
rule,389,1,21,0.604,0.09899999999999999,0.9,0.05,0.0,0.0,0.9,0.9,0.05,0.05
rule,390,1,21,0.94,0.015,0.9,0.05,0.0,0.0,0.9,0.9,0.05,0.05
rule,391,1,21,0.94,0.015,0.9,0.05,0.0,0.0,0.9,0.9,0.05,0.05
rule,392,1,21,0.94,0.015,0.9,0.05,0.0,0.0,0.9,0.9,0.05,0.05
rule,393,1,21,0.94,0.015,0.9,0.05,0.0,0.0,0.9,0.9,0.05,0.05
rule,394,1,21,0.94,0.015,0.9,0.05,0.0,0.0,0.9,0.9,0.05,0.05
rule,395,1,21,0.94,0.015,0.9,0.05,0.0,0.0,0.9,0.9,0.05,0.05
rule,396,1,21,0.94,0.015,0.9,0.05,0.0,0.0,0.9,0.9,0.05,0.05
rule,397,1,21,0.94,0.015,0.9,0.05,0.0,0.0,0.9,0.9,0.05,0.05
rule,398,1,21,0.94,0.015,0.9,0.05,0.0,0.0,0.9,0.9,0.05,0.05
rule,399,1,21,0.94,0.015,0.9,0.05,0.0,0.0,0.9,0.9,0.05,0.05
rule,400,1,21,0.94,0.015,0.9,0.05,0.0,0.0,0.9,0.9,0.05,0.05
rule,401,1,21,0.94,0.015,0.9,0.05,0.0,0.0,0.9,0.9,0.05,0.05
rule,402,1,21,0.94,0.015,0.9,0.05,0.0,0.0,0.9,0.9,0.05,0.05
rule,403,1,21,0.94,0.015,0.9,0.05,0.0,0.0,0.9,0.9,0.05,0.05
rule,404,1,21,0.94,0.015,0.9,0.05,0.0,0.0,0.9,0.9,0.05,0.05
rule,405,1,21,0.94,0.015,0.9,0.05,0.0,0.0,0.9,0.9,0.05,0.05
rule,406,1,21,0.94,0.015,0.9,0.05,0.0,0.0,0.9,0.9,0.05,0.05
rule,407,1,21,0.94,0.015,0.9,0.05,0.0,0.0,0.9,0.9,0.05,0.05
rule,408,1,21,0.94,0.015,0.9,0.05,0.0,0.0,0.9,0.9,0.05,0.05
rule,409,1,21,0.94,0.015,0.9,0.05,0.0,0.0,0.9,0.9,0.05,0.05
rule,410,1,21,0.94,0.015,0.9,0.05,0.0,0.0,0.9,0.9,0.05,0.05
rule,411,1,21,0.94,0.015,0.9,0.05,0.0,0.0,0.9,0.9,0.05,0.05
rule,412,1,21,0.94,0.015,0.9,0.05,0.0,0.0,0.9,0.9,0.05,0.05
rule,413,1,21,0.94,0.015,0.9,0.05,0.0,0.0,0.9,0.9,0.05,0.05
rule,414,1,21,0.94,0.015,0.9,0.05,0.0,0.0,0.9,0.9,0.05,0.05
rule,415,1,21,0.94,0.015,0.9,0.05,0.0,0.0,0.9,0.9,0.05,0.05
rule,416,1,21,0.94,0.015,0.9,0.05,0.0,0.0,0.9,0.9,0.05,0.05
rule,417,1,21,0.94,0.015,0.9,0.05,0.0,0.0,0.9,0.9,0.05,0.05
rule,418,1,21,0.94,0.015,0.9,0.05,0.0,0.0,0.9,0.9,0.05,0.05
rule,419,1,21,0.94,0.015,0.9,0.05,0.0,0.0,0.9,0.9,0.05,0.05
rule,420,1,21,0.94,0.015,0.9,0.05,0.0,0.0,0.9,0.9,0.05,0.05
rule,421,1,21,0.94,0.015,0.9,0.05,0.0,0.0,0.9,0.9,0.05,0.05
rule,422,1,21,0.94,0.015,0.9,0.05,0.0,0.0,0.9,0.9,0.05,0.05
rule,423,1,21,0.94,0.015,0.9,0.05,0.0,0.0,0.9,0.9,0.05,0.05
rule,424,1,21,0.94,0.015,0.9,0.05,0.0,0.0,0.9,0.9,0.05,0.05
rule,425,1,21,0.94,0.015,0.9,0.05,0.0,0.0,0.9,0.9,0.05,0.05
rule,426,1,21,0.94,0.015,0.9,0.05,0.0,0.0,0.9,0.9,0.05,0.05
rule,427,1,21,0.94,0.015,0.9,0.05,0.0,0.0,0.9,0.9,0.05,0.05
rule,428,1,21,0.94,0.015,0.9,0.05,0.0,0.0,0.9,0.9,0.05,0.05
rule,429,1,21,0.94,0.015,0.9,0.05,0.0,0.0,0.9,0.9,0.05,0.05
rule,430,1,21,0.94,0.015,0.9,0.05,0.0,0.0,0.9,0.9,0.05,0.05
rule,431,1,21,0.94,0.015,0.9,0.05,0.0,0.0,0.9,0.9,0.05,0.05
rule,432,1,21,0.94,0.015,0.9,0.05,0.0,0.0,0.9,0.9,0.05,0.05
rule,433,1,21,0.94,0.015,0.9,0.05,0.0,0.0,0.9,0.9,0.05,0.05
rule,434,1,21,0.94,0.015,0.9,0.05,0.0,0.0,0.9,0.9,0.05,0.05
rule,435,1,21,0.94,0.015,0.9,0.05,0.0,0.0,0.9,0.9,0.05,0.05
rule,436,1,21,0.94,0.015,0.9,0.05,0.0,0.0,0.9,0.9,0.05,0.05
rule,437,1,21,0.94,0.015,0.9,0.05,0.0,0.0,0.9,0.9,0.05,0.05
rule,438,1,21,0.94,0.015,0.9,0.05,0.0,0.0,0.9,0.9,0.05,0.05
rule,439,1,21,0.94,0.015,0.9,0.05,0.0,0.0,0.9,0.9,0.05,0.05
rule,440,1,21,0.94,0.015,0.9,0.05,0.0,0.0,0.9,0.9,0.05,0.05
rule,441,1,21,0.94,0.015,0.9,0.05,0.0,0.0,0.9,0.9,0.05,0.05
rule,442,1,21,0.94,0.015,0.9,0.05,0.0,0.0,0.9,0.9,0.05,0.05
rule,443,1,21,0.94,0.015,0.9,0.05,0.0,0.0,0.9,0.9,0.05,0.05
rule,444,1,21,0.94,0.015,0.9,0.05,0.0,0.0,0.9,0.9,0.05,0.05
rule,445,1,21,0.94,0.015,0.9,0.05,0.0,0.0,0.9,0.9,0.05,0.05
rule,446,1,21,0.94,0.015,0.9,0.05,0.0,0.0,0.9,0.9,0.05,0.05
rule,447,1,21,0.94,0.015,0.9,0.05,0.0,0.0,0.9,0.9,0.05,0.05
rule,448,1,21,0.94,0.015,0.9,0.05,0.0,0.0,0.9,0.9,0.05,0.05
rule,449,1,21,0.94,0.015,0.9,0.05,0.0,0.0,0.9,0.9,0.05,0.05
rule,450,1,21,0.94,0.015,0.9,0.05,0.0,0.0,0.9,0.9,0.05,0.05
rule,451,1,21,0.94,0.015,0.9,0.05,0.0,0.0,0.9,0.9,0.05,0.05
rule,452,1,21,0.94,0.015,0.9,0.05,0.0,0.0,0.9,0.9,0.05,0.05
rule,453,1,21,0.94,0.015,0.9,0.05,0.0,0.0,0.9,0.9,0.05,0.05
rule,454,1,21,0.94,0.015,0.9,0.05,0.0,0.0,0.9,0.9,0.05,0.05
rule,455,1,21,0.94,0.015,0.9,0.05,0.0,0.0,0.9,0.9,0.05,0.05
rule,456,1,21,0.94,0.015,0.9,0.05,0.0,0.0,0.9,0.9,0.05,0.05
rule,457,1,21,0.94,0.015,0.9,0.05,0.0,0.0,0.9,0.9,0.05,0.05
rule,458,1,21,0.94,0.015,0.9,0.05,0.0,0.0,0.9,0.9,0.05,0.05
rule,459,1,21,0.94,0.015,0.9,0.05,0.0,0.0,0.9,0.9,0.05,0.05
rule,460,1,21,0.94,0.015,0.9,0.05,0.0,0.0,0.9,0.9,0.05,0.05
rule,461,1,21,0.94,0.015,0.9,0.05,0.0,0.0,0.9,0.9,0.05,0.05
rule,462,1,21,0.94,0.015,0.9,0.05,0.0,0.0,0.9,0.9,0.05,0.05
rule,463,1,21,0.94,0.015,0.9,0.05,0.0,0.0,0.9,0.9,0.05,0.05
rule,464,1,21,0.94,0.015,0.9,0.05,0.0,0.0,0.9,0.9,0.05,0.05
rule,465,1,21,0.94,0.015,0.9,0.05,0.0,0.0,0.9,0.9,0.05,0.05
rule,466,1,21,0.94,0.015,0.9,0.05,0.0,0.0,0.9,0.9,0.05,0.05
rule,467,1,21,0.94,0.015,0.9,0.05,0.0,0.0,0.9,0.9,0.05,0.05
rule,468,1,21,0.94,0.015,0.9,0.05,0.0,0.0,0.9,0.9,0.05,0.05
rule,469,1,21,0.94,0.015,0.9,0.05,0.0,0.0,0.9,0.9,0.05,0.05
rule,470,1,21,0.94,0.015,0.9,0.05,0.0,0.0,0.9,0.9,0.05,0.05
rule,471,1,21,0.94,0.015,0.9,0.05,0.0,0.0,0.9,0.9,0.05,0.05
rule,472,1,21,0.94,0.015,0.9,0.05,0.0,0.0,0.9,0.9,0.05,0.05
rule,473,1,21,0.94,0.015,0.9,0.05,0.0,0.0,0.9,0.9,0.05,0.05
rule,474,1,21,0.94,0.015,0.9,0.05,0.0,0.0,0.9,0.9,0.05,0.05
rule,475,1,21,0.94,0.015,0.9,0.05,0.0,0.0,0.9,0.9,0.05,0.05
rule,476,1,21,0.94,0.015,0.9,0.05,0.0,0.0,0.9,0.9,0.05,0.05
rule,477,1,21,0.94,0.015,0.9,0.05,0.0,0.0,0.9,0.9,0.05,0.05
rule,478,1,21,0.94,0.015,0.9,0.05,0.0,0.0,0.9,0.9,0.05,0.05
rule,479,1,21,0.94,0.015,0.9,0.05,0.0,0.0,0.9,0.9,0.05,0.05
rule,480,1,21,0.94,0.015,0.9,0.05,0.0,0.0,0.9,0.9,0.05,0.05
rule,481,1,21,0.94,0.015,0.9,0.05,0.0,0.0,0.9,0.9,0.05,0.05
rule,482,1,21,0.94,0.015,0.9,0.05,0.0,0.0,0.9,0.9,0.05,0.05
rule,483,1,21,0.94,0.015,0.9,0.05,0.0,0.0,0.9,0.9,0.05,0.05
rule,484,1,21,0.94,0.015,0.9,0.05,0.0,0.0,0.9,0.9,0.05,0.05
rule,485,1,21,0.94,0.015,0.9,0.05,0.0,0.0,0.9,0.9,0.05,0.05
rule,486,1,21,0.94,0.015,0.9,0.05,0.0,0.0,0.9,0.9,0.05,0.05
rule,487,1,21,0.94,0.015,0.9,0.05,0.0,0.0,0.9,0.9,0.05,0.05
rule,488,1,21,0.94,0.015,0.9,0.05,0.0,0.0,0.9,0.9,0.05,0.05
rule,489,1,21,0.94,0.015,0.9,0.05,0.0,0.0,0.9,0.9,0.05,0.05
rule,490,1,21,0.94,0.015,0.9,0.05,0.0,0.0,0.9,0.9,0.05,0.05
rule,491,1,21,0.94,0.015,0.9,0.05,0.0,0.0,0.9,0.9,0.05,0.05
rule,492,1,21,0.94,0.015,0.9,0.05,0.0,0.0,0.9,0.9,0.05,0.05
rule,493,1,21,0.94,0.015,0.9,0.05,0.0,0.0,0.9,0.9,0.05,0.05
rule,494,1,21,0.94,0.015,0.9,0.05,0.0,0.0,0.9,0.9,0.05,0.05
rule,495,1,21,0.94,0.015,0.9,0.05,0.0,0.0,0.9,0.9,0.05,0.05
rule,496,1,21,0.94,0.015,0.9,0.05,0.0,0.0,0.9,0.9,0.05,0.05
rule,497,1,21,0.94,0.015,0.9,0.05,0.0,0.0,0.9,0.9,0.05,0.05
rule,498,1,21,0.94,0.015,0.9,0.05,0.0,0.0,0.9,0.9,0.05,0.05
rule,499,1,21,0.94,0.015,0.9,0.05,0.0,0.0,0.9,0.9,0.05,0.05
rule,500,1,21,0.94,0.015,0.9,0.05,0.0,0.0,0.9,0.9,0.05,0.05
rule,501,1,21,0.94,0.015,0.9,0.05,0.0,0.0,0.9,0.9,0.05,0.05
rule,502,1,21,0.94,0.015,0.9,0.05,0.0,0.0,0.9,0.9,0.05,0.05
rule,503,1,21,0.94,0.015,0.9,0.05,0.0,0.0,0.9,0.9,0.05,0.05
rule,504,1,21,0.94,0.015,0.9,0.05,0.0,0.0,0.9,0.9,0.05,0.05
rule,505,1,21,0.94,0.015,0.9,0.05,0.0,0.0,0.9,0.9,0.05,0.05
rule,506,1,21,0.94,0.015,0.9,0.05,0.0,0.0,0.9,0.9,0.05,0.05
rule,507,1,21,0.94,0.015,0.9,0.05,0.0,0.0,0.9,0.9,0.05,0.05
rule,508,1,21,0.94,0.015,0.9,0.05,0.0,0.0,0.9,0.9,0.05,0.05
rule,509,1,21,0.94,0.015,0.9,0.05,0.0,0.0,0.9,0.9,0.05,0.05
rule,510,1,21,0.94,0.015,0.9,0.05,0.0,0.0,0.9,0.9,0.05,0.05
rule,511,1,21,0.94,0.015,0.9,0.05,0.0,0.0,0.9,0.9,0.05,0.05
rule,512,1,21,0.94,0.015,0.9,0.05,0.0,0.0,0.9,0.9,0.05,0.05
rule,513,1,21,0.94,0.015,0.9,0.05,0.0,0.0,0.9,0.9,0.05,0.05
rule,514,1,21,0.94,0.015,0.9,0.05,0.0,0.0,0.9,0.9,0.05,0.05
rule,515,1,21,0.94,0.015,0.9,0.05,0.0,0.0,0.9,0.9,0.05,0.05
rule,516,1,21,0.94,0.015,0.9,0.05,0.0,0.0,0.9,0.9,0.05,0.05
rule,517,1,21,0.94,0.015,0.9,0.05,0.0,0.0,0.9,0.9,0.05,0.05
rule,518,1,21,0.94,0.015,0.9,0.05,0.0,0.0,0.9,0.9,0.05,0.05
rule,519,1,21,0.94,0.015,0.9,0.05,0.0,0.0,0.9,0.9,0.05,0.05
rule,520,1,21,0.94,0.015,0.9,0.05,0.0,0.0,0.9,0.9,0.05,0.05
rule,521,1,21,0.94,0.015,0.9,0.05,0.0,0.0,0.9,0.9,0.05,0.05
rule,522,1,21,0.94,0.015,0.9,0.05,0.0,0.0,0.9,0.9,0.05,0.05
rule,523,1,21,0.94,0.015,0.9,0.05,0.0,0.0,0.9,0.9,0.05,0.05
rule,524,1,21,0.94,0.015,0.9,0.05,0.0,0.0,0.9,0.9,0.05,0.05
rule,525,1,21,0.94,0.015,0.9,0.05,0.0,0.0,0.9,0.9,0.05,0.05
rule,526,1,21,0.94,0.015,0.9,0.05,0.0,0.0,0.9,0.9,0.05,0.05
rule,527,1,21,0.94,0.015,0.9,0.05,0.0,0.0,0.9,0.9,0.05,0.05
rule,528,1,21,0.94,0.015,0.9,0.05,0.0,0.0,0.9,0.9,0.05,0.05
rule,529,1,21,0.94,0.015,0.9,0.05,0.0,0.0,0.9,0.9,0.05,0.05
rule,530,1,21,0.94,0.015,0.9,0.05,0.0,0.0,0.9,0.9,0.05,0.05
rule,531,1,21,0.94,0.015,0.9,0.05,0.0,0.0,0.9,0.9,0.05,0.05
rule,532,1,21,0.94,0.015,0.9,0.05,0.0,0.0,0.9,0.9,0.05,0.05
rule,533,1,21,0.94,0.015,0.9,0.05,0.0,0.0,0.9,0.9,0.05,0.05
rule,534,1,21,0.94,0.015,0.9,0.05,0.0,0.0,0.9,0.9,0.05,0.05
rule,535,1,21,0.94,0.015,0.9,0.05,0.0,0.0,0.9,0.9,0.05,0.05
rule,536,1,21,0.94,0.015,0.9,0.05,0.0,0.0,0.9,0.9,0.05,0.05
rule,537,1,21,0.94,0.015,0.9,0.05,0.0,0.0,0.9,0.9,0.05,0.05
rule,538,1,21,0.94,0.015,0.9,0.05,0.0,0.0,0.9,0.9,0.05,0.05
rule,539,1,21,0.94,0.015,0.9,0.05,0.0,0.0,0.9,0.9,0.05,0.05
rule,540,1,21,0.94,0.015,0.9,0.05,0.0,0.0,0.9,0.9,0.05,0.05
rule,541,1,21,0.94,0.015,0.9,0.05,0.0,0.0,0.9,0.9,0.05,0.05
rule,542,1,21,0.94,0.015,0.9,0.05,0.0,0.0,0.9,0.9,0.05,0.05
rule,543,1,21,0.94,0.015,0.9,0.05,0.0,0.0,0.9,0.9,0.05,0.05
rule,544,1,21,0.94,0.015,0.9,0.05,0.0,0.0,0.9,0.9,0.05,0.05
rule,545,1,21,0.94,0.015,0.9,0.05,0.0,0.0,0.9,0.9,0.05,0.05
rule,546,1,21,0.94,0.015,0.9,0.05,0.0,0.0,0.9,0.9,0.05,0.05
rule,547,1,21,0.94,0.015,0.9,0.05,0.0,0.0,0.9,0.9,0.05,0.05
rule,548,1,21,0.94,0.015,0.9,0.05,0.0,0.0,0.9,0.9,0.05,0.05
rule,549,1,21,0.94,0.015,0.9,0.05,0.0,0.0,0.9,0.9,0.05,0.05
rule,550,1,21,0.94,0.015,0.9,0.05,0.0,0.0,0.9,0.9,0.05,0.05
rule,551,1,21,0.94,0.015,0.9,0.05,0.0,0.0,0.9,0.9,0.05,0.05
rule,552,1,21,0.94,0.015,0.9,0.05,0.0,0.0,0.9,0.9,0.05,0.05
rule,553,1,21,0.94,0.015,0.9,0.05,0.0,0.0,0.9,0.9,0.05,0.05
rule,554,1,21,0.94,0.015,0.9,0.05,0.0,0.0,0.9,0.9,0.05,0.05
rule,555,1,21,0.94,0.015,0.9,0.05,0.0,0.0,0.9,0.9,0.05,0.05
rule,556,1,21,0.94,0.015,0.9,0.05,0.0,0.0,0.9,0.9,0.05,0.05
rule,557,1,21,0.94,0.015,0.9,0.05,0.0,0.0,0.9,0.9,0.05,0.05
rule,558,1,21,0.94,0.015,0.9,0.05,0.0,0.0,0.9,0.9,0.05,0.05
rule,559,1,21,0.94,0.015,0.9,0.05,0.0,0.0,0.9,0.9,0.05,0.05
rule,560,1,21,0.94,0.015,0.9,0.05,0.0,0.0,0.9,0.9,0.05,0.05
rule,561,1,21,0.94,0.015,0.9,0.05,0.0,0.0,0.9,0.9,0.05,0.05
rule,562,1,21,0.94,0.015,0.9,0.05,0.0,0.0,0.9,0.9,0.05,0.05
rule,563,1,21,0.94,0.015,0.9,0.05,0.0,0.0,0.9,0.9,0.05,0.05
rule,564,1,21,0.94,0.015,0.9,0.05,0.0,0.0,0.9,0.9,0.05,0.05
rule,565,1,21,0.94,0.015,0.9,0.05,0.0,0.0,0.9,0.9,0.05,0.05
rule,566,1,21,0.94,0.015,0.9,0.05,0.0,0.0,0.9,0.9,0.05,0.05
rule,567,1,21,0.94,0.015,0.9,0.05,0.0,0.0,0.9,0.9,0.05,0.05
rule,568,1,21,0.94,0.015,0.9,0.05,0.0,0.0,0.9,0.9,0.05,0.05
rule,569,1,21,0.94,0.015,0.9,0.05,0.0,0.0,0.9,0.9,0.05,0.05
rule,570,1,21,0.94,0.015,0.9,0.05,0.0,0.0,0.9,0.9,0.05,0.05
rule,571,1,21,0.94,0.015,0.9,0.05,0.0,0.0,0.9,0.9,0.05,0.05
rule,572,1,21,0.94,0.015,0.9,0.05,0.0,0.0,0.9,0.9,0.05,0.05
rule,573,1,21,0.94,0.015,0.9,0.05,0.0,0.0,0.9,0.9,0.05,0.05
rule,574,1,21,0.94,0.015,0.9,0.05,0.0,0.0,0.9,0.9,0.05,0.05
rule,575,1,21,0.94,0.015,0.9,0.05,0.0,0.0,0.9,0.9,0.05,0.05
rule,576,1,21,0.94,0.015,0.9,0.05,0.0,0.0,0.9,0.9,0.05,0.05
rule,577,1,21,0.94,0.015,0.9,0.05,0.0,0.0,0.9,0.9,0.05,0.05
rule,578,1,21,0.94,0.015,0.9,0.05,0.0,0.0,0.9,0.9,0.05,0.05
rule,579,1,21,0.94,0.015,0.9,0.05,0.0,0.0,0.9,0.9,0.05,0.05
rule,580,1,21,0.94,0.015,0.9,0.05,0.0,0.0,0.9,0.9,0.05,0.05
rule,581,1,21,0.94,0.015,0.9,0.05,0.0,0.0,0.9,0.9,0.05,0.05
rule,582,1,21,0.94,0.015,0.9,0.05,0.0,0.0,0.9,0.9,0.05,0.05
rule,583,1,21,0.94,0.015,0.9,0.05,0.0,0.0,0.9,0.9,0.05,0.05
rule,584,1,21,0.94,0.015,0.9,0.05,0.0,0.0,0.9,0.9,0.05,0.05
rule,585,1,21,0.94,0.015,0.9,0.05,0.0,0.0,0.9,0.9,0.05,0.05
rule,586,1,21,0.94,0.015,0.9,0.05,0.0,0.0,0.9,0.9,0.05,0.05
rule,587,1,21,0.94,0.015,0.9,0.05,0.0,0.0,0.9,0.9,0.05,0.05
rule,588,1,21,0.94,0.015,0.9,0.05,0.0,0.0,0.9,0.9,0.05,0.05
rule,589,1,21,0.94,0.015,0.9,0.05,0.0,0.0,0.9,0.9,0.05,0.05
rule,590,1,21,0.94,0.015,0.9,0.05,0.0,0.0,0.9,0.9,0.05,0.05
rule,591,1,21,0.94,0.015,0.9,0.05,0.0,0.0,0.9,0.9,0.05,0.05
rule,592,1,21,0.94,0.015,0.9,0.05,0.0,0.0,0.9,0.9,0.05,0.05
rule,593,1,21,0.94,0.015,0.9,0.05,0.0,0.0,0.9,0.9,0.05,0.05
rule,594,1,21,0.94,0.015,0.9,0.05,0.0,0.0,0.9,0.9,0.05,0.05
rule,595,1,21,0.94,0.015,0.9,0.05,0.0,0.0,0.9,0.9,0.05,0.05
rule,596,1,21,0.94,0.015,0.9,0.05,0.0,0.0,0.9,0.9,0.05,0.05
rule,597,1,21,0.94,0.015,0.9,0.05,0.0,0.0,0.9,0.9,0.05,0.05
rule,598,1,21,0.94,0.015,0.9,0.05,0.0,0.0,0.9,0.9,0.05,0.05
rule,599,1,21,0.94,0.015,0.9,0.05,0.0,0.0,0.9,0.9,0.05,0.05
